variable_id;NHR;PHARMO;PEDIANET;SIDIAP;Comments;;;;;
F_PODIATRIC_CARE;ND;ND;ND;ND;NA;;;;;
F_AMBULANCE;ND;ND;ND;ND;NA;;;;;
SV_BMI_3YEARS;ND;0;0;0;Missing BMI and rest of code for NHR;;;;;
SV_SMOKING_STATUS;0;0;ND;0;NA;;;;;
SV_AGE;0;0;0;0;NA;;;;;
SV_SEX;0;0;0;0;NA;;;;;
VACC_DATE;0;0;0;0;NA;;;;;
SV_PREG_TRIMESTER;0;0;0;0;NA;;;;;
SV_REGION;0;0;0;0;NA;;;;;
SV_SES_STATUS;0;0;ND;0;NA;;;;;
SV_AGE_CAT;0;0;0;0;NA;;;;;
SV_PREG_STATUS;0;0;0;0;NA;;;;;
SV_PRIOR_COVID_DG;0;0;0;0;NA;;;;;
SV_PRIOR_COVID_POSTEST;0;0;0;0;NA;;;;;
SV_BRAND_COVID_VACC;0;0;0;0;NA;;;;;
SV_HIST_COVID_VACC;0;0;0;0;NA;;;;;
SV_IMMUNOCOMPROMISED;0;0;0;0;NA;;;;;
CDC_RISK;0;0;0;0;NA;;;;;
SV_OBESITY;0;0;0;0;NA;;;;;
COD_GBSYNDROME;0;0;0;0;NA;;;;;
COD_ACUTE_ENCEPHALOMYELITIS;0;0;0;0;NA;;;;;
COD_NARCOLEPSY;0;0;0;0;NA;;;;;
COD_ACUTE_ASEPTIC_ARTHRITIS;0;0;0;0;NA;;;;;
COD_DM1;0;0;0;0;NA;;;;;
COD_ITC;0;0;0;0;NA;;;;;
COD_TTS;0;0;0;0;NA;;;;;
COD_MYOSITIS;0;0;0;0;NA;;;;;
COD_ACUTE_CV_INJURY;0;0;0;0;NA;;;;;
COD_ARRHYTHMIA;0;0;0;0;NA;;;;;
COD_HF;0;0;0;0;NA;;;;;
COD_STRESS_CARDIOMYOPATHY;0;0;0;0;NA;;;;;
COD_CAD;0;0;0;0;NA;;;;;
COD_MYOCARDITIS;0;0;0;0;NA;;;;;
COD_PERICARDITIS;0;0;0;0;NA;;;;;
COD_COAGULATUIN;0;0;0;0;NA;;;;;
COD_SINGLE_ORGAN_VASCULITIS;0;0;0;0;NA;;;;;
COD_CVST;0;0;0;0;NA;;;;;
COD_ACUTE_LIVER_INJURY;0;0;0;0;NA;;;;;
COD_ACUTE_KIDNEY_INJURY;0;0;0;0;NA;;;;;
COD_ACUTE_PANCREATITIS;0;0;0;0;NA;;;;;
COD_RHABDOMYOLYSIS;0;0;0;0;NA;;;;;
COD_GLOMERULONEPHRITIS;0;0;0;0;NA;;;;;
COD_CONVULSION;0;0;0;0;NA;;;;;
COD_MENINGOENCEPHALITIS;0;0;0;0;NA;;;;;
COD_TRANSVERSE_MYELITIS;0;0;0;0;NA;;;;;
COD_BELLS_PALSY;0;0;0;0;NA;;;;;
COD_ACUTE_RESP_DISS_SYNDROME;0;0;0;0;NA;;;;;
COD_ERYTHEMA_MULTIFORME;0;0;0;0;NA;;;;;
COD_CHILBLAIN_LESIONS;0;0;0;0;NA;;;;;
COD_SECONDARY_AMENORRHEA;0;0;0;0;NA;;;;;
COD_HYPERMENORRHOEA;0;0;0;0;NA;;;;;
COD_ANAPHYLAXIS;0;0;0;0;NA;;;;;
COD_MIS;0;0;0;0;NA;;;;;
COD_SUBACUTE_THYROIDITIS;0;0;0;0;NA;;;;;
PRIOR_ANAPHYLAXIS;0;0;0;0;NA;;;;;
PRIOR_ALLERGIES;0;0;0;0;NA;;;;;
PRIOR_ANY_DM;0;0;0;0;NA;;;;;
PRIOR_DM_WITHCOMPLICATIONS;0;0;0;0;NA;;;;;
PRIOR_DM_NOCOMPLICATIONS;0;0;0;0;NA;;;;;
PRIOR_HYPERTENSION;0;0;0;0;NA;;;;;
PRIOR_CVD;0;0;0;0;NA;;;;;
PRIOR_CEREBROVASCULAR_DISEASE;0;0;0;0;NA;;;;;
PRIOR_MYOCARDIAL_INFARCT;0;0;0;0;NA;;;;;
PRIOR_CHF;0;0;0;0;NA;;;;;
PRIOR_PVD;0;0;0;0;NA;;;;;
PRIOR_CRD;0;0;0;0;NA;;;;;
PRIOR_CKD;0;0;0;0;NA;;;;;
PRIOR_MILD_MOD_KD;0;0;0;0;NA;;;;;
PRIOR_ACUTE_KD;0;0;0;0;NA;;;;;
PRIOR_CLD;0;0;0;0;NA;;;;;
PRIOR_MOD_SEV_LD;0;0;0;0;NA;;;;;
PRIOR_MILD_LD;0;0;0;0;NA;;;;;
PRIOR_ANY_CANCER;0;0;0;0;NA;;;;;
COD_ANY_CANCER;0;0;0;0;NA;;;;;
PRIOR_RHEUMATICDISEASE;0;0;0;0;NA;;;;;
PRIOR_PEPTICULCER;0;0;0;0;NA;;;;;
PRIOR_DEMENTIA;0;0;0;0;NA;;;;;
PRIOR_HEMIPLEGIA;0;0;0;0;NA;;;;;
PRIOR_METASTASIS;0;0;0;0;NA;;;;;
PRIOR_AUTOINMUNE_DISORDERS;0;0;0;0;NA;;;;;
PRIOR_INFLUENZA_RESPINF;0;0;0;0;NA;;;;;
PRIOR_AIDS;0;0;0;0;NA;;;;;
PRIOR_HIV;0;0;0;0;NA;;;;;
COD_HIVNOAIDS;0;0;0;0;NA;;;;;
PRIOR_SCD;0;0;0;0;NA;;;;;
PRIOR_IMMUNODEFICIENCIES;0;0;0;0;NA;;;;;
PRIOR_IMMUNO_MED_1YEAR;0;0;0;0;NA;;;;;
DP_IMMUNOSUPPR_1YEAR;0;0;0;0;NA;;;;;
CHARLSON_INDEX;0;0;0;0;NA;;;;;
CU_ANALGESICS;0;0;0;0;NA;;;;;
CU_ANTIBIOTICS;0;0;0;0;NA;;;;;
CU_ANTIVIRAL;0;0;0;0;NA;;;;;
CU_CORTICOSTEROIDS;0;0;0;0;NA;;;;;
CU_AINES;0;0;0;0;NA;;;;;
CU_PSYCHOTROPICS;0;0;0;0;NA;;;;;
CU_STATINS;0;0;0;0;NA;;;;;
CU_ORAL_ANTICOAGULANTS;0;0;0;0;NA;;;;;
CU_WARFARIN;0;0;0;0;NA;;;;;
SV_HU_PRIOR_HOSP_NUM;0;0;0;0;NA;;;;;
SV_HU_PRIOR_ED_NUM;ND;ND;0;ND;NA;;;;;
SV_HU_PRIOR_PC_NUM;0;0;0;0;NA;;;;;
SV_HU_PRIOR_CS_NUM;ND;ND;0;ND;NA;;;;;
SV_HU_PRIOR_OTHER_NUM;0;0;0;0;NA;;;;;
SV_HU_PRIOR_ANY_COVID_TEST;0;0;0;0;NA;;;;;
SV_HU_CURRENT_HOSP_NUM;0;0;0;0;NA;;;;;
SV_HU_CURRENT_ED_NUM;ND;ND;0;ND;NA;;;;;
SV_HU_CURRENT_PC_NUM;0;0;0;0;NA;;;;;
SV_HU_CURRENT_CS_NUM;ND;ND;0;ND;NA;;;;;
SV_HU_CURRENT_OTHER_NUM;0;0;0;0;NA;;;;;
SV_HU_CURRENT_ANY_COVID_TEST;0;0;0;0;NA;;;;;
SV_VP_INF;0;0;0;0;NA;;;;;
SV_VP_PNC;0;0;0;0;NA;;;;;
SV_VP_DTP;0;0;0;0;NA;;;;;
SV_VP_TPV;0;0;0;0;NA;;;;;
SV_VP_MMR;0;0;0;0;NA;;;;;
SV_VP_HIB;0;0;0;0;NA;;;;;
SV_VP_HB;0;0;0;0;NA;;;;;
SV_VP_VZV;0;0;0;0;NA;;;;;
SV_VP_HZ;0;0;0;0;NA;;;;;
SV_VP_HPV;0;0;0;0;NA;;;;;
SV_VP_MNG;0;0;0;0;NA;;;;;
SV_VP_ROT;0;0;0;0;NA;;;;;
F_PARALYSIS;0;0;0;0;NA;;;;;
F_HEMIPLEGIA;0;0;0;0;NA;;;;;
F_PARKINSON;0;0;0;0;NA;;;;;
F_SKIN_ULCER;0;0;0;0;NA;;;;;
F_WEAKNESS;0;0;0;0;NA;;;;;
F_STROKE;0;0;0;0;NA;;;;;
F_DEMENTIA;0;0;0;0;NA;;;;;
F_DIFFICULTY_WALKING;0;0;0;0;NA;;;;;
F_PSYCIATRIC_ILLNESS;0;0;0;0;NA;;;;;
F_SEPSIS;0;0;0;0;NA;;;;;
F_MYOCARDIAL_INFARCT;0;0;0;0;NA;;;;;
F_BLADDER_INCONTINENCE;0;0;0;0;NA;;;;;
F_DIAB_COMPLICATIONS;0;0;0;0;NA;;;;;
F_ARTHRITIS;0;0;0;0;NA;;;;;
F_COAGULATION_DEF;0;0;0;0;NA;;;;;
F_VERTIGO;0;0;0;0;NA;;;;;
F_LIPID_ANOMALY;0;0;0;0;NA;;;;;
COD_LEARN_DISABILITIES;0;0;0;0;NA;;;;;
COD_CEREBRALPALSY;0;0;0;0;NA;;;;;
COD_DOWN;0;0;0;0;NA;;;;;
COD_NEURONMOTORDISEASE;0;0;0;0;NA;;;;;